LSOACD,LSOANM,MSOACD,MSOANM,MSOAHCLNM,MSOAHCLNMW,LADCD_ACTIVE,LADNM_ACTIVE,UTLACD,UTLANM,CAUTHCD,CAUTHNM,RGNCD,RGNNM,CTRYCD,CTRYNM,EWCD,EWNM,GBCD,GBNM,UKCD,UKNM,LSOA11CD,LSOA21CD,LAD17CD,LAD20CD,LAD20NM,LSOA11NM,MSOA11CD,MSOA11NM,MSOA11HCLNM,TTWA11CD,TTWA11NM
95AA01S1,Aldergrove 1,95AA01S1,Aldergrove 1,Aldergrove 1,,N09000001,Antrim and Newtownabbey,N09000001,Antrim and Newtownabbey,,,,,N92000002,Northern Ireland,,,,,K02000001,United Kingdom,95AA01S1,,,N09000001,Antrim and Newtownabbey,Aldergrove 1,95AA01S1,Aldergrove 1,Aldergrove 1,,
95KK09W1,Newbuildings,95KK09W1,Newbuildings,Newbuildings,,N09000009,Mid Ulster,N09000009,Mid Ulster,,,,,N92000002,Northern Ireland,,,,,K02000001,United Kingdom,95KK09W1,,,N09000009,Mid Ulster,Newbuildings,95KK09W1,Newbuildings,Newbuildings,,
95WW21S2,Monkstown 2,95WW21S2,Monkstown 2,Monkstown 2,,N09000001,Antrim and Newtownabbey,N09000001,Antrim and Newtownabbey,,,,,N92000002,Northern Ireland,,,,,K02000001,United Kingdom,95WW21S2,,,N09000001,Antrim and Newtownabbey,Monkstown 2,95WW21S2,Monkstown 2,Monkstown 2,,
E01000315,Barnet 022F,E02000045,Barnet 022,Colney Hatch,,E09000003,Barnet,E09000003,Barnet,,,E12000007,London,E92000001,England,K04000001,England and Wales,K03000001,Great Britain,K02000001,United Kingdom,E01000315,E01000315,,E09000003,Barnet,Barnet 022F,E02000045,Barnet 022,Colney Hatch,,
E01000725,Bromley 023B,E02000149,Bromley 023,St Mary Cray South,,E09000006,Bromley,E09000006,Bromley,,,E12000007,London,E92000001,England,K04000001,England and Wales,K03000001,Great Britain,K02000001,United Kingdom,E01000725,E01000725,,E09000006,Bromley,Bromley 023B,E02000149,Bromley 023,St Mary Cray South,,
E01001129,Croydon 026D,E02000219,Croydon 026,Shirley West,,E09000008,Croydon,E09000008,Croydon,,,E12000007,London,E92000001,England,K04000001,England and Wales,K03000001,Great Britain,K02000001,United Kingdom,E01001129,E01001129,,E09000008,Croydon,Croydon 026D,E02000219,Croydon 026,Shirley West,,
E01001533,Enfield 028D,E02000304,Enfield 028,Southgate Green,,E09000010,Enfield,E09000010,Enfield,,,E12000007,London,E92000001,England,K04000001,England and Wales,K03000001,Great Britain,K02000001,United Kingdom,E01001533,E01001533,,E09000010,Enfield,Enfield 028D,E02000304,Enfield 028,Southgate Green,,
E01001958,Hammersmith and Fulham 002C,E02000373,Hammersmith and Fulham 002,White City,,E09000013,Hammersmith and Fulham,E09000013,Hammersmith and Fulham,,,E12000007,London,E92000001,England,K04000001,England and Wales,K03000001,Great Britain,K02000001,United Kingdom,E01001958,E01001958,,E09000013,Hammersmith and Fulham,Hammersmith and Fulham 002C,E02000373,Hammersmith and Fulham 002,White City,,
E01002362,Havering 022D,E02000485,Havering 022,Upminster Bridge,,E09000016,Havering,E09000016,Havering,,,E12000007,London,E92000001,England,K04000001,England and Wales,K03000001,Great Britain,K02000001,United Kingdom,E01002362,E01002362,,E09000016,Havering,Havering 022D,E02000485,Havering 022,Upminster Bridge,,
E01002775,Islington 014D,E02000567,Islington 014,Canonbury East & Mildmay Park,,E09000019,Islington,E09000019,Islington,,,E12000007,London,E92000001,England,K04000001,England and Wales,K03000001,Great Britain,K02000001,United Kingdom,E01002775,E01002775,,E09000019,Islington,Islington 014D,E02000567,Islington 014,Canonbury East & Mildmay Park,,
E01003178,Lambeth 020E,E02000637,Lambeth 020,Brixton Hill East,,E09000022,Lambeth,E09000022,Lambeth,,,E12000007,London,E92000001,England,K04000001,England and Wales,K03000001,Great Britain,K02000001,United Kingdom,E01003178,E01003178,,E09000022,Lambeth,Lambeth 020E,E02000637,Lambeth 020,Brixton Hill East,,
E01003587,Newham 004C,E02000717,Newham 004,Manor Park South,,E09000025,Newham,E09000025,Newham,,,E12000007,London,E92000001,England,K04000001,England and Wales,K03000001,Great Britain,K02000001,United Kingdom,E01003587,E01003587,,E09000025,Newham,Newham 004C,E02000717,Newham 004,Manor Park South,,
E01004005,Southwark 023D,E02000829,Southwark 023,Queens Road Peckham,,E09000028,Southwark,E09000028,Southwark,,,E12000007,London,E92000001,England,K04000001,England and Wales,K03000001,Great Britain,K02000001,United Kingdom,E01004005,E01004005,,E09000028,Southwark,Southwark 023D,E02000829,Southwark 023,Queens Road Peckham,,
E01004419,Waltham Forest 008E,E02000902,Waltham Forest 008,Highams Park West,,E09000031,Waltham Forest,E09000031,Waltham Forest,,,E12000007,London,E92000001,England,K04000001,England and Wales,K03000001,Great Britain,K02000001,United Kingdom,E01004419,E01004419,,E09000031,Waltham Forest,Waltham Forest 008E,E02000902,Waltham Forest 008,Highams Park West,,
E01004835,Bolton 020A,E02001003,Bolton 020,Lostock & Ladybridge,,E08000001,Bolton,E08000001,Bolton,E47000001,Greater Manchester,E12000002,North West,E92000001,England,K04000001,England and Wales,K03000001,Great Britain,K02000001,United Kingdom,E01004835,E01004835,,E08000001,Bolton,Bolton 020A,E02001003,Bolton 020,Lostock & Ladybridge,,
E01005250,Manchester 005D,E02001049,Manchester 005,New Moston,,E08000003,Manchester,E08000003,Manchester,E47000001,Greater Manchester,E12000002,North West,E92000001,England,K04000001,England and Wales,K03000001,Great Britain,K02000001,United Kingdom,E01005250,E01005250,,E08000003,Manchester,Manchester 005D,E02001049,Manchester 005,New Moston,,
E01005667,Salford 035C,E02006961,Salford 035,Ordsall West,,E08000006,Salford,E08000006,Salford,E47000001,Greater Manchester,E12000002,North West,E92000001,England,K04000001,England and Wales,K03000001,Great Britain,K02000001,United Kingdom,E01005667,E01005667,,E08000006,Salford,Salford 035C,,Salford 035,Ordsall West,,
E01006071,Tameside 015D,E02001243,Tameside 015,Stalybridge South,,E08000008,Tameside,E08000008,Tameside,E47000001,Greater Manchester,E12000002,North West,E92000001,England,K04000001,England and Wales,K03000001,Great Britain,K02000001,United Kingdom,E01006071,E01006071,,E08000008,Tameside,Tameside 015D,E02001243,Tameside 015,Stalybridge South,,
E01006473,Knowsley 016B,E02001342,Knowsley 016,Huyton West & Roby,,E08000011,Knowsley,E08000011,Knowsley,E47000004,Liverpool City Region,E12000002,North West,E92000001,England,K04000001,England and Wales,K03000001,Great Britain,K02000001,United Kingdom,E01006473,E01006473,,E08000011,Knowsley,Knowsley 016B,E02001342,Knowsley 016,Huyton West & Roby,,
E01006895,St. Helens 023D,E02001428,St. Helens 023,Rainhill South,,E08000013,St. Helens,E08000013,St. Helens,E47000004,Liverpool City Region,E12000002,North West,E92000001,England,K04000001,England and Wales,K03000001,Great Britain,K02000001,United Kingdom,E01006895,E01006895,,E08000013,St. Helens,St. Helens 023D,E02001428,St. Helens 023,Rainhill South,,
E01007303,Wirral 025D,E02001491,Wirral 025,Woodchurch,,E08000015,Wirral,E08000015,Wirral,E47000004,Liverpool City Region,E12000002,North West,E92000001,England,K04000001,England and Wales,K03000001,Great Britain,K02000001,United Kingdom,E01007303,E01007303,,E08000015,Wirral,Wirral 025D,E02001491,Wirral 025,Woodchurch,,
E01007708,Rotherham 021A,E02001598,Rotherham 021,Herringthorpe,,E08000018,Rotherham,E08000018,Rotherham,E47000002,Sheffield City Region,E12000003,Yorkshire and The Humber,E92000001,England,K04000001,England and Wales,K03000001,Great Britain,K02000001,United Kingdom,E01007708,E01007708,,E08000018,Rotherham,Rotherham 021A,E02001598,Rotherham 021,Herringthorpe,,
E01008123,Sheffield 015E,E02001625,Sheffield 015,Southey Green East,,E08000019,Sheffield,E08000019,Sheffield,E47000002,Sheffield City Region,E12000003,Yorkshire and The Humber,E92000001,England,K04000001,England and Wales,K03000001,Great Britain,K02000001,United Kingdom,E01008123,E01008123,,E08000019,Sheffield,Sheffield 015E,E02001625,Sheffield 015,Southey Green East,,
E01008532,North Tyneside 025B,E02001762,North Tyneside 025,East Benton,,E08000022,North Tyneside,E08000022,North Tyneside,E47000011,North of Tyne,E12000001,North East,E92000001,England,K04000001,England and Wales,K03000001,Great Britain,K02000001,United Kingdom,E01008532,E01008532,,E08000022,North Tyneside,North Tyneside 025B,E02001762,North Tyneside 025,East Benton,,
E01008951,Birmingham 112A,E02001938,Birmingham 112,Bournville East & Stirchley West,,E08000025,Birmingham,E08000025,Birmingham,E47000007,West Midlands,E12000005,West Midlands,E92000001,England,K04000001,England and Wales,K03000001,Great Britain,K02000001,United Kingdom,E01008951,E01008951,,E08000025,Birmingham,Birmingham 112A,E02001938,Birmingham 112,Bournville East & Stirchley West,,
E01009385,Birmingham 092F,E02001918,Birmingham 092,Moseley Village,,E08000025,Birmingham,E08000025,Birmingham,E47000007,West Midlands,E12000005,West Midlands,E92000001,England,K04000001,England and Wales,K03000001,Great Britain,K02000001,United Kingdom,E01009385,E01009385,,E08000025,Birmingham,Birmingham 092F,E02001918,Birmingham 092,Moseley Village,,
E01009808,Dudley 043B,E02002042,Dudley 043,Hayley Green,,E08000027,Dudley,E08000027,Dudley,E47000007,West Midlands,E12000005,West Midlands,E92000001,England,K04000001,England and Wales,K03000001,Great Britain,K02000001,United Kingdom,E01009808,E01009808,,E08000027,Dudley,Dudley 043B,E02002042,Dudley 043,Hayley Green,,
E01010212,Solihull 027A,E02002107,Solihull 027,Monkspath South,,E08000029,Solihull,E08000029,Solihull,E47000007,West Midlands,E12000005,West Midlands,E92000001,England,K04000001,England and Wales,K03000001,Great Britain,K02000001,United Kingdom,E01010212,E01010212,,E08000029,Solihull,Solihull 027A,E02002107,Solihull 027,Monkspath South,,
E01010617,Bradford 064B,E02006947,Bradford 064,Barkerend West & Little Germany,,E08000032,Bradford,E08000032,Bradford,E47000003,West Yorkshire,E12000003,Yorkshire and The Humber,E92000001,England,K04000001,England and Wales,K03000001,Great Britain,K02000001,United Kingdom,E01010617,E01010617,,E08000032,Bradford,Bradford 064B,,Bradford 064,Barkerend West & Little Germany,,
E01011025,Kirklees 016A,E02002286,Kirklees 016,Dewsbury Moor Upper,,E08000034,Kirklees,E08000034,Kirklees,E47000003,West Yorkshire,E12000003,Yorkshire and The Humber,E92000001,England,K04000001,England and Wales,K03000001,Great Britain,K02000001,United Kingdom,E01011025,E01011025,,E08000034,Kirklees,Kirklees 016A,E02002286,Kirklees 016,Dewsbury Moor Upper,,
E01011440,Leeds 044D,E02002373,Leeds 044,Headingley,,E08000035,Leeds,E08000035,Leeds,E47000003,West Yorkshire,E12000003,Yorkshire and The Humber,E92000001,England,K04000001,England and Wales,K03000001,Great Britain,K02000001,United Kingdom,E01011440,E01011440,,E08000035,Leeds,Leeds 044D,E02002373,Leeds 044,Headingley,,
E01011863,Wakefield 044D,E02002481,Wakefield 044,South Elmsall,,E08000036,Wakefield,E08000036,Wakefield,E47000003,West Yorkshire,E12000003,Yorkshire and The Humber,E92000001,England,K04000001,England and Wales,K03000001,Great Britain,K02000001,United Kingdom,E01011863,E01011863,,E08000036,Wakefield,Wakefield 044D,E02002481,Wakefield 044,South Elmsall,,
E01011964,Hartlepool 007B,E02002489,Hartlepool 007,Old Town & Grange,,E06000001,Hartlepool,E06000001,Hartlepool,E47000006,Tees Valley,E12000001,North East,E92000001,England,K04000001,England and Wales,K03000001,Great Britain,K02000001,United Kingdom,E01011964,E01011964,,E06000001,Hartlepool,Hartlepool 007B,E02002489,Hartlepool 007,Old Town & Grange,,
E01012295,Stockton-on-Tees 005E,E02002539,Stockton-on-Tees 005,"Billingham West, Stillington & Longnewton",,E06000004,Stockton-on-Tees,E06000004,Stockton-on-Tees,E47000006,Tees Valley,E12000001,North East,E92000001,England,K04000001,England and Wales,K03000001,Great Britain,K02000001,United Kingdom,E01012295,E01012295,,E06000004,Stockton-on-Tees,Stockton-on-Tees 005E,E02002539,Stockton-on-Tees 005,"Billingham West, Stillington & Longnewton",,
E01012703,Blackpool 002B,E02002634,Blackpool 002,Churchtown,,E06000009,Blackpool,E06000009,Blackpool,,,E12000002,North West,E92000001,England,K04000001,England and Wales,K03000001,Great Britain,K02000001,United Kingdom,E01012703,E01012703,,E06000009,Blackpool,Blackpool 002B,E02002634,Blackpool 002,Churchtown,,
E01013110,East Riding of Yorkshire 027B,E02002710,East Riding of Yorkshire 027,Willerby,,E06000011,East Riding of Yorkshire,E06000011,East Riding of Yorkshire,,,E12000003,Yorkshire and The Humber,E92000001,England,K04000001,England and Wales,K03000001,Great Britain,K02000001,United Kingdom,E01013110,E01013110,,E06000011,East Riding of Yorkshire,East Riding of Yorkshire 027B,E02002710,East Riding of Yorkshire 027,Willerby,,
E01013518,Derby 030C,E02002825,Derby 030,Chellaston West & Shelton Lock,,E06000015,Derby,E06000015,Derby,,,E12000004,East Midlands,E92000001,England,K04000001,England and Wales,K03000001,Great Britain,K02000001,United Kingdom,E01013518,E01013518,,E06000015,Derby,Derby 030C,E02002825,Derby 030,Chellaston West & Shelton Lock,,
E01013931,Nottingham 019B,E02002886,Nottingham 019,Bobbers Mill,,E06000018,Nottingham,E06000018,Nottingham,,,E12000004,East Midlands,E92000001,England,K04000001,England and Wales,K03000001,Great Britain,K02000001,United Kingdom,E01013931,E01013931,,E06000018,Nottingham,Nottingham 019B,E02002886,Nottingham 019,Bobbers Mill,,
E01014340,Stoke-on-Trent 019D,E02002969,Stoke-on-Trent 019,Boothen & Penkhull,,E06000021,Stoke-on-Trent,E06000021,Stoke-on-Trent,,,E12000005,West Midlands,E92000001,England,K04000001,England and Wales,K03000001,Great Britain,K02000001,United Kingdom,E01014340,E01014340,,E06000021,Stoke-on-Trent,Stoke-on-Trent 019D,E02002969,Stoke-on-Trent 019,Boothen & Penkhull,,
E01014758,North Somerset 005C,E02003069,North Somerset 005,Clevedon North & Walton,,E06000024,North Somerset,E06000024,North Somerset,,,E12000009,South West,E92000001,England,K04000001,England and Wales,K03000001,Great Britain,K02000001,United Kingdom,E01014758,E01014758,,E06000024,North Somerset,North Somerset 005C,E02003069,North Somerset 005,Clevedon North & Walton,,
E01015167,Plymouth 020C,E02003141,Plymouth 020,Ford & Blockhouse Park,,E06000026,Plymouth,E06000026,Plymouth,,,E12000009,South West,E92000001,England,K04000001,England and Wales,K03000001,Great Britain,K02000001,United Kingdom,E01015167,E01015167,,E06000026,Plymouth,Plymouth 020C,E02003141,Plymouth 020,Ford & Blockhouse Park,,
E01015575,Swindon 016D,E02003227,Swindon 016,Walcot East,,E06000030,Swindon,E06000030,Swindon,,,E12000009,South West,E92000001,England,K04000001,England and Wales,K03000001,Great Britain,K02000001,United Kingdom,E01015575,E01015575,,E06000030,Swindon,Swindon 016D,E02003227,Swindon 016,Walcot East,,
E01015979,Thurrock 004C,E02003299,Thurrock 004,"Orsett, Bulphan & Hordon-on-the-Hill",,E06000034,Thurrock,E06000034,Thurrock,,,E12000006,East of England,E92000001,England,K04000001,England and Wales,K03000001,Great Britain,K02000001,United Kingdom,E01015979,E01015979,,E06000034,Thurrock,Thurrock 004C,E02003299,Thurrock 004,"Orsett, Bulphan & Hordon-on-the-Hill",,
E01016389,Reading 013B,E02003401,Reading 013,Coley Park,,E06000038,Reading,E06000038,Reading,,,E12000008,South East,E92000001,England,K04000001,England and Wales,K03000001,Great Britain,K02000001,United Kingdom,E01016389,E01016389,,E06000038,Reading,Reading 013B,E02003401,Reading 013,Coley Park,,
E01016804,Milton Keynes 009D,E02003467,Milton Keynes 009,Linford Wood,,E06000042,Milton Keynes,E06000042,Milton Keynes,,,E12000008,South East,E92000001,England,K04000001,England and Wales,K03000001,Great Britain,K02000001,United Kingdom,E01016804,E01016804,,E06000042,Milton Keynes,Milton Keynes 009D,E02003467,Milton Keynes 009,Linford Wood,,
E01017211,Southampton 015C,E02003563,Southampton 015,Shirley South,,E06000045,Southampton,E06000045,Southampton,,,E12000008,South East,E92000001,England,K04000001,England and Wales,K03000001,Great Britain,K02000001,United Kingdom,E01017211,E01017211,,E06000045,Southampton,Southampton 015C,E02003563,Southampton 015,Shirley South,,
E01017623,Central Bedfordshire 031A,E02003649,Central Bedfordshire 031,Dunstable South,,E06000056,Central Bedfordshire,E06000056,Central Bedfordshire,,,E12000006,East of England,E92000001,England,K04000001,England and Wales,K03000001,Great Britain,K02000001,United Kingdom,E01017623,E01017623,,E06000056,Central Bedfordshire,Central Bedfordshire 031A,E02003649,Central Bedfordshire 031,Dunstable South,,
E01018037,East Cambridgeshire 005B,E02003736,East Cambridgeshire 005,"Haddenham, Stretham & Witchford",,E07000009,East Cambridgeshire,E10000003,Cambridgeshire,E47000008,Cambridgeshire and Peterborough,E12000006,East of England,E92000001,England,K04000001,England and Wales,K03000001,Great Britain,K02000001,United Kingdom,E01018037,E01018037,,E07000009,East Cambridgeshire,East Cambridgeshire 005B,E02003736,East Cambridgeshire 005,"Haddenham, Stretham & Witchford",,
E01018445,Cheshire East 045A,E02003834,Cheshire East 045,Crewe Gresty Road,,E06000049,Cheshire East,E06000049,Cheshire East,,,E12000002,North West,E92000001,England,K04000001,England and Wales,K03000001,Great Britain,K02000001,United Kingdom,E01018445,E01018445,,E06000049,Cheshire East,Cheshire East 045A,E02003834,Cheshire East 045,Crewe Gresty Road,,
E01018849,Cornwall 048D,E02003912,Cornwall 048,Probus & Roseland,,E06000052,Cornwall,E06000052,Cornwall,,,E12000009,South West,E92000001,England,K04000001,England and Wales,K03000001,Great Britain,K02000001,United Kingdom,E01018849,E01018849,,E06000052,Cornwall,Cornwall 048D,E02003912,Cornwall 048,Probus & Roseland,,
E01019254,Carlisle 005D,E02003991,Carlisle 005,Belle Vue & Burgh,,E06000063,Cumberland,E06000063,Cumberland,,,E12000002,North West,E92000001,England,K04000001,England and Wales,K03000001,Great Britain,K02000001,United Kingdom,E01019254,E01019254,,E06000063,Cumberland,Carlisle 005D,E02003991,Carlisle 005,Belle Vue & Burgh,,
E01019657,Erewash 003A,E02004080,Erewash 003,Ilkeston Town,,E07000036,Erewash,E10000007,Derbyshire,,,E12000004,East Midlands,E92000001,England,K04000001,England and Wales,K03000001,Great Britain,K02000001,United Kingdom,E01019657,E01019657,,E07000036,Erewash,Erewash 003A,E02004080,Erewash 003,Ilkeston Town,,
E01020067,Mid Devon 004D,E02004167,Mid Devon 004,Tiverton East,,E07000042,Mid Devon,E10000008,Devon,,,E12000009,South West,E92000001,England,K04000001,England and Wales,K03000001,Great Britain,K02000001,United Kingdom,E01020067,E01020067,,E07000042,Mid Devon,Mid Devon 004D,E02004167,Mid Devon 004,Tiverton East,,
E01020469,Dorset 027B,E02004263,Dorset 027,Bere Regis & Lytchett Matravers,,E06000059,Dorset,E06000059,Dorset,,,E12000009,South West,E92000001,England,K04000001,England and Wales,K03000001,Great Britain,K02000001,United Kingdom,E01020469,E01020469,,E06000059,Dorset,Dorset 027B,E02004263,Dorset 027,Bere Regis & Lytchett Matravers,,
E01020882,County Durham 057A,E02004354,County Durham 057,Saint Helen Auckland & West Auckland,,E06000047,County Durham,E06000047,County Durham,E47000010,North East,E12000001,North East,E92000001,England,K04000001,England and Wales,K03000001,Great Britain,K02000001,United Kingdom,E01020882,E01020882,,E06000047,County Durham,County Durham 057A,E02004354,County Durham 057,Saint Helen Auckland & West Auckland,,
E01021283,Basildon 021D,E02004444,Basildon 021,Langdon Hills,,E07000066,Basildon,E10000012,Essex,,,E12000006,East of England,E92000001,England,K04000001,England and Wales,K03000001,Great Britain,K02000001,United Kingdom,E01021283,E01021283,,E07000066,Basildon,Basildon 021D,E02004444,Basildon 021,Langdon Hills,,
E01021693,Colchester 014E,E02004519,Colchester 014,Prettygate & Westlands,,E07000071,Colchester,E10000012,Essex,,,E12000006,East of England,E92000001,England,K04000001,England and Wales,K03000001,Great Britain,K02000001,United Kingdom,E01021693,E01021693,,E07000071,Colchester,Colchester 014E,E02004519,Colchester 014,Prettygate & Westlands,,
E01022102,Cheltenham 008C,E02004607,Cheltenham 008,Pittville & Fairview,,E07000078,Cheltenham,E10000013,Gloucestershire,,,E12000009,South West,E92000001,England,K04000001,England and Wales,K03000001,Great Britain,K02000001,United Kingdom,E01022102,E01022102,,E07000078,Cheltenham,Cheltenham 008C,E02004607,Cheltenham 008,Pittville & Fairview,,
E01022507,Basingstoke and Deane 011D,E02004685,Basingstoke and Deane 011,"Basingstoke Central, Black Dam & Eastrop",,E07000084,Basingstoke and Deane,E10000014,Hampshire,,,E12000008,South East,E92000001,England,K04000001,England and Wales,K03000001,Great Britain,K02000001,United Kingdom,E01022507,E01022507,,E07000084,Basingstoke and Deane,Basingstoke and Deane 011D,E02004685,Basingstoke and Deane 011,"Basingstoke Central, Black Dam & Eastrop",,
E01022930,Havant 003A,E02004764,Havant 003,Waterlooville North West,,E07000090,Havant,E10000014,Hampshire,,,E12000008,South East,E92000001,England,K04000001,England and Wales,K03000001,Great Britain,K02000001,United Kingdom,E01022930,E01022930,,E07000090,Havant,Havant 003A,E02004764,Havant 003,Waterlooville North West,,
E01023335,Broxbourne 012D,E02004854,Broxbourne 012,Cheshunt South,,E07000095,Broxbourne,E10000015,Hertfordshire,,,E12000006,East of England,E92000001,England,K04000001,England and Wales,K03000001,Great Britain,K02000001,United Kingdom,E01023335,E01023335,,E07000095,Broxbourne,Broxbourne 012D,E02004854,Broxbourne 012,Cheshunt South,,
E01023740,St Albans 017D,E02004940,St Albans 017,Cottonmill & Sopwell,,E07000240,St Albans,E10000015,Hertfordshire,,,E12000006,East of England,E92000001,England,K04000001,England and Wales,K03000001,Great Britain,K02000001,United Kingdom,E01023740,E01023740,,E07000240,St Albans,St Albans 017D,E02004940,St Albans 017,Cottonmill & Sopwell,,
E01024152,Dartford 010C,E02005037,Dartford 010,Joydens Wood,,E07000107,Dartford,E10000016,Kent,,,E12000008,South East,E92000001,England,K04000001,England and Wales,K03000001,Great Britain,K02000001,United Kingdom,E01024152,E01024152,,E07000107,Dartford,Dartford 010C,E02005037,Dartford 010,Joydens Wood,,
E01024562,Swale 012B,E02005126,Swale 012,Sittingbourne West,,E07000113,Swale,E10000016,Kent,,,E12000008,South East,E92000001,England,K04000001,England and Wales,K03000001,Great Britain,K02000001,United Kingdom,E01024562,E01024562,,E07000113,Swale,Swale 012B,E02005126,Swale 012,Sittingbourne West,,
E01024970,Chorley 005D,E02005193,Chorley 005,Euxton,,E07000118,Chorley,E10000017,Lancashire,,,E12000002,North West,E92000001,England,K04000001,England and Wales,K03000001,Great Britain,K02000001,United Kingdom,E01024970,E01024970,,E07000118,Chorley,Chorley 005D,E02005193,Chorley 005,Euxton,,
E01025377,Rossendale 007A,E02005284,Rossendale 007,Helmshore,,E07000125,Rossendale,E10000017,Lancashire,,,E12000002,North West,E92000001,England,K04000001,England and Wales,K03000001,Great Britain,K02000001,United Kingdom,E01025377,E01025377,,E07000125,Rossendale,Rossendale 007A,E02005284,Rossendale 007,Helmshore,,
E01025782,Harborough 003B,E02005369,Harborough 003,Kibworth & Great Glen,,E07000131,Harborough,E10000018,Leicestershire,,,E12000004,East Midlands,E92000001,England,K04000001,England and Wales,K03000001,Great Britain,K02000001,United Kingdom,E01025782,E01025782,,E07000131,Harborough,Harborough 003B,E02005369,Harborough 003,Kibworth & Great Glen,,
E01026188,North Kesteven 004C,E02005456,North Kesteven 004,Bracebridge Heath & Waddington,,E07000139,North Kesteven,E10000019,Lincolnshire,,,E12000004,East Midlands,E92000001,England,K04000001,England and Wales,K03000001,Great Britain,K02000001,United Kingdom,E01026188,E01026188,,E07000139,North Kesteven,North Kesteven 004C,E02005456,North Kesteven 004,Bracebridge Heath & Waddington,,
E01026597,Great Yarmouth 005C,E02005542,Great Yarmouth 005,Yarmouth Central & Northgate,,E07000145,Great Yarmouth,E10000020,Norfolk,,,E12000006,East of England,E92000001,England,K04000001,England and Wales,K03000001,Great Britain,K02000001,United Kingdom,E01026597,E01026597,,E07000145,Great Yarmouth,Great Yarmouth 005C,E02005542,Great Yarmouth 005,Yarmouth Central & Northgate,,
E01027008,West Northamptonshire 022B,E02005626,West Northamptonshire 022,Daventry South & Southbrook,,E06000062,West Northamptonshire,E06000062,West Northamptonshire,,,E12000004,East Midlands,E92000001,England,K04000001,England and Wales,K03000001,Great Britain,K02000001,United Kingdom,E01027008,E01027008,,E06000062,West Northamptonshire,West Northamptonshire 022B,E02005626,West Northamptonshire 022,Daventry South & Southbrook,,
E01027416,Northumberland 022C,E02005709,Northumberland 022,Blyth Cowpen,,E06000057,Northumberland,E06000057,Northumberland,E47000011,North of Tyne,E12000001,North East,E92000001,England,K04000001,England and Wales,K03000001,Great Britain,K02000001,United Kingdom,E01027416,E01027416,,E06000057,Northumberland,Northumberland 022C,E02005709,Northumberland 022,Blyth Cowpen,,
E01027825,Scarborough 009B,E02005803,Scarborough 009,Falsgrave,,E06000065,North Yorkshire,E06000065,North Yorkshire,,,E12000003,Yorkshire and The Humber,E92000001,England,K04000001,England and Wales,K03000001,Great Britain,K02000001,United Kingdom,E01027825,E01027825,,E06000065,North Yorkshire,Scarborough 009B,E02005803,Scarborough 009,Falsgrave,,
E01028231,Mansfield 010B,E02005889,Mansfield 010,Grange Farm & Ladybrook,,E07000174,Mansfield,E10000024,Nottinghamshire,,,E12000004,East Midlands,E92000001,England,K04000001,England and Wales,K03000001,Great Britain,K02000001,United Kingdom,E01028231,E01028231,,E07000174,Mansfield,Mansfield 010B,E02005889,Mansfield 010,Grange Farm & Ladybrook,,
E01028641,South Oxfordshire 006D,E02005963,South Oxfordshire 006,Berinsfield & Wittenham,,E07000179,South Oxfordshire,E10000025,Oxfordshire,,,E12000008,South East,E92000001,England,K04000001,England and Wales,K03000001,Great Britain,K02000001,United Kingdom,E01028641,E01028641,,E07000179,South Oxfordshire,South Oxfordshire 006D,E02005963,South Oxfordshire 006,Berinsfield & Wittenham,,
E01029054,Mendip 012B,E02006058,Mendip 012,Glastonbury West & Street South,,E06000066,Somerset,E06000066,Somerset,,,E12000009,South West,E92000001,England,K04000001,England and Wales,K03000001,Great Britain,K02000001,United Kingdom,E01029054,E01029054,,E06000066,Somerset,Mendip 012B,E02006058,Mendip 012,Glastonbury West & Street South,,
E01029464,East Staffordshire 004D,E02006134,East Staffordshire 004,Rolleston-on-Dove & Tutbury,,E07000193,East Staffordshire,E10000028,Staffordshire,,,E12000005,West Midlands,E92000001,England,K04000001,England and Wales,K03000001,Great Britain,K02000001,United Kingdom,E01029464,E01029464,,E07000193,East Staffordshire,East Staffordshire 004D,E02006134,East Staffordshire 004,Rolleston-on-Dove & Tutbury,,
E01029868,Tamworth 010D,E02006226,Tamworth 010,Wilnecote West & Hockley,,E07000199,Tamworth,E10000028,Staffordshire,,,E12000005,West Midlands,E92000001,England,K04000001,England and Wales,K03000001,Great Britain,K02000001,United Kingdom,E01029868,E01029868,,E07000199,Tamworth,Tamworth 010D,E02006226,Tamworth 010,Wilnecote West & Hockley,,
E01030292,East Suffolk 011C,E02006312,East Suffolk 011,Worlingham & Barnby,,E07000244,East Suffolk,E10000029,Suffolk,,,E12000006,East of England,E92000001,England,K04000001,England and Wales,K03000001,Great Britain,K02000001,United Kingdom,E01030292,E01030292,,E07000244,East Suffolk,East Suffolk 011C,E02006312,East Suffolk 011,Worlingham & Barnby,,
E01030693,Runnymede 010D,E02006402,Runnymede 010,New Haw & Woodham,,E07000212,Runnymede,E10000030,Surrey,,,E12000008,South East,E92000001,England,K04000001,England and Wales,K03000001,Great Britain,K02000001,United Kingdom,E01030693,E01030693,,E07000212,Runnymede,Runnymede 010D,E02006402,Runnymede 010,New Haw & Woodham,,
E01031098,Nuneaton and Bedworth 015D,E02006489,Nuneaton and Bedworth 015,Bedworth Coalpit Field & Exhall,,E07000219,Nuneaton and Bedworth,E10000031,Warwickshire,,,E12000005,West Midlands,E92000001,England,K04000001,England and Wales,K03000001,Great Britain,K02000001,United Kingdom,E01031098,E01031098,,E07000219,Nuneaton and Bedworth,Nuneaton and Bedworth 015D,E02006489,Nuneaton and Bedworth 015,Bedworth Coalpit Field & Exhall,,
E01031503,Chichester 001B,E02006561,Chichester 001,Fernhurst & Northchapel,,E07000225,Chichester,E10000032,West Sussex,,,E12000008,South East,E92000001,England,K04000001,England and Wales,K03000001,Great Britain,K02000001,United Kingdom,E01031503,E01031503,,E07000225,Chichester,Chichester 001B,E02006561,Chichester 001,Fernhurst & Northchapel,,
E01031910,Wiltshire 009B,E02006652,Wiltshire 009,Chippenham North,,E06000054,Wiltshire,E06000054,Wiltshire,,,E12000009,South West,E92000001,England,K04000001,England and Wales,K03000001,Great Britain,K02000001,United Kingdom,E01031910,E01031910,,E06000054,Wiltshire,Wiltshire 009B,E02006652,Wiltshire 009,Chippenham North,,
E01032321,Worcester 009D,E02006742,Worcester 009,Dines Green & St Johns,,E07000237,Worcester,E10000034,Worcestershire,,,E12000005,West Midlands,E92000001,England,K04000001,England and Wales,K03000001,Great Britain,K02000001,United Kingdom,E01032321,E01032321,,E07000237,Worcester,Worcester 009D,E02006742,Worcester 009,Dines Green & St Johns,,
E01032728,Bracknell Forest 006G,E02003357,Bracknell Forest 006,Bullbrook,,E06000036,Bracknell Forest,E06000036,Bracknell Forest,,,E12000008,South East,E92000001,England,K04000001,England and Wales,K03000001,Great Britain,K02000001,United Kingdom,E01032728,E01032728,,E06000036,Bracknell Forest,Bracknell Forest 006G,E02003357,Bracknell Forest 006,Bullbrook,,
E01033169,Derby 030F,E02002825,Derby 030,Chellaston West & Shelton Lock,,E06000015,Derby,E06000015,Derby,,,E12000004,East Midlands,E92000001,England,K04000001,England and Wales,K03000001,Great Britain,K02000001,United Kingdom,E01033169,E01033169,,E06000015,Derby,Derby 030F,E02002825,Derby 030,Chellaston West & Shelton Lock,,
E01033635,Birmingham 039H,E02001865,Birmingham 039,Handsworth South,,E08000025,Birmingham,E08000025,Birmingham,E47000007,West Midlands,E12000005,West Midlands,E92000001,England,K04000001,England and Wales,K03000001,Great Britain,K02000001,United Kingdom,E01033635,,,E08000025,Birmingham,Birmingham 039H,E02001865,Birmingham 039,Handsworth South,,
E01034035,Hounslow 014G,E02000539,Hounslow 014,Syon Green,,E09000018,Hounslow,E09000018,Hounslow,,,E12000007,London,E92000001,England,K04000001,England and Wales,K03000001,Great Britain,K02000001,United Kingdom,,E01034035,,E09000018,Hounslow,Hounslow 014G,E02000539,Hounslow 014,Syon Green,,
E01034438,Huntingdonshire 012G,E02003764,Huntingdonshire 012,Huntingdon Central & West,,E07000011,Huntingdonshire,E10000003,Cambridgeshire,E47000008,Cambridgeshire and Peterborough,E12000006,East of England,E92000001,England,K04000001,England and Wales,K03000001,Great Britain,K02000001,United Kingdom,,E01034438,,E07000011,Huntingdonshire,Huntingdonshire 012G,E02003764,Huntingdonshire 012,Huntingdon Central & West,,
E01034838,Wirral 016F,E02001482,Wirral 016,Birkenhead Central,,E08000015,Wirral,E08000015,Wirral,E47000004,Liverpool City Region,E12000002,North West,E92000001,England,K04000001,England and Wales,K03000001,Great Britain,K02000001,United Kingdom,,E01034838,,E08000015,Wirral,Wirral 016F,E02001482,Wirral 016,Birkenhead Central,,
E01035282,Dartford 004E,E02005031,Dartford 004,Swanscombe,,E07000107,Dartford,E10000016,Kent,,,E12000008,South East,E92000001,England,K04000001,England and Wales,K03000001,Great Britain,K02000001,United Kingdom,,E01035282,,E07000107,Dartford,Dartford 004E,E02005031,Dartford 004,Swanscombe,,
E01035683,Tower Hamlets 019H,E02000882,Tower Hamlets 019,Limehouse North & Stepney East,,E09000030,Tower Hamlets,E09000030,Tower Hamlets,,,E12000007,London,E92000001,England,K04000001,England and Wales,K03000001,Great Britain,K02000001,United Kingdom,,E01035683,,E09000030,Tower Hamlets,Tower Hamlets 019H,E02000882,Tower Hamlets 019,Limehouse North & Stepney East,,
N20000322,Armagh_D6,N21000071,Armagh_D,Armagh_D,,N09000002,"Armagh City, Banbridge and Craigavon",N09000002,"Armagh City, Banbridge and Craigavon",,,,,N92000002,Northern Ireland,,,,,K02000001,United Kingdom,,N20000322,,N09000002,"Armagh City, Banbridge and Craigavon",Armagh_D6,,Armagh_D,Armagh_D,,
N20000722,Oldpark_C2,N21000163,Oldpark_C,Oldpark_C,,N09000003,Belfast,N09000003,Belfast,,,,,N92000002,Northern Ireland,,,,,K02000001,United Kingdom,,N20000722,,N09000003,Belfast,Oldpark_C2,,Oldpark_C,Oldpark_C,,
N20001122,Botanic_L1,N21000261,Botanic_L,Botanic_L,,N09000003,Belfast,N09000003,Belfast,,,,,N92000002,Northern Ireland,,,,,K02000001,United Kingdom,,N20001122,,N09000003,Belfast,Botanic_L1,,Botanic_L,Botanic_L,,
N20001522,Bann_C2,N21000352,Bann_C,Bann_C,,N09000004,Causeway Coast and Glens,N09000004,Causeway Coast and Glens,,,,,N92000002,Northern Ireland,,,,,K02000001,United Kingdom,,N20001522,,N09000004,Causeway Coast and Glens,Bann_C2,,Bann_C,Bann_C,,
N20001922,Faughan_D4,N21000439,Faughan_D,Faughan_D,,N09000005,Derry City and Strabane,N09000005,Derry City and Strabane,,,,,N92000002,Northern Ireland,,,,,K02000001,United Kingdom,,N20001922,,N09000005,Derry City and Strabane,Faughan_D4,,Faughan_D,Faughan_D,,
N20002322,Killultagh_H3,N21000525,Killultagh_H,Killultagh_H,,N09000007,Lisburn and Castlereagh,N09000007,Lisburn and Castlereagh,,,,,N92000002,Northern Ireland,,,,,K02000001,United Kingdom,,N20002322,,N09000007,Lisburn and Castlereagh,Killultagh_H3,,Killultagh_H,Killultagh_H,,
N20002722,Coast_Road_J4,N21000609,Coast_Road_J,Coast_Road_J,,N09000008,Mid and East Antrim,N09000008,Mid and East Antrim,,,,,N92000002,Northern Ireland,,,,,K02000001,United Kingdom,,N20002722,,N09000008,Mid and East Antrim,Coast_Road_J4,,Coast_Road_J,Coast_Road_J,,
N20003122,Slieve_Gullion_E3,N21000698,Slieve_Gullion_E,Slieve_Gullion_E,,N09000010,"Newry, Mourne and Down",N09000010,"Newry, Mourne and Down",,,,,N92000002,Northern Ireland,,,,,K02000001,United Kingdom,,N20003122,,N09000010,"Newry, Mourne and Down",Slieve_Gullion_E3,,Slieve_Gullion_E,Slieve_Gullion_E,,
N20003522,Newtownards_L4,N21000789,Newtownards_L,Newtownards_L,,N09000011,Ards and North Down,N09000011,Ards and North Down,,,,,N92000002,Northern Ireland,,,,,K02000001,United Kingdom,,N20003522,,N09000011,Ards and North Down,Newtownards_L4,,Newtownards_L,Newtownards_L,,
S01006647,George Street - 03,S02001261,George Street,George Street,,S12000033,Aberdeen City,S12000033,Aberdeen City,,,,,S92000003,Scotland,,,K03000001,Great Britain,K02000001,United Kingdom,S01006647,,,S12000033,Aberdeen City,George Street - 03,S02001261,George Street,George Street,,
S01007047,New Pitsligo - 02,S02001329,New Pitsligo,New Pitsligo,,S12000034,Aberdeenshire,S12000034,Aberdeenshire,,,,,S92000003,Scotland,,,K03000001,Great Britain,K02000001,United Kingdom,S01007047,,,S12000034,Aberdeenshire,New Pitsligo - 02,S02001329,New Pitsligo,New Pitsligo,,
S01007447,Dollar and Muckhart - 05,S02001399,Dollar and Muckhart,Dollar and Muckhart,,S12000005,Clackmannanshire,S12000005,Clackmannanshire,,,,,S92000003,Scotland,,,K03000001,Great Britain,K02000001,United Kingdom,S01007447,,,S12000005,Clackmannanshire,Dollar and Muckhart - 05,S02001399,Dollar and Muckhart,Dollar and Muckhart,,
S01007847,Charleston - 03,S02001472,Charleston,Charleston,,S12000042,Dundee City,S12000042,Dundee City,,,,,S92000003,Scotland,,,K03000001,Great Britain,K02000001,United Kingdom,S01007847,,,S12000042,Dundee City,Charleston - 03,S02001472,Charleston,Charleston,,
S01008247,IZ14 - 03,S02001547,IZ14,IZ14,,S12000010,East Lothian,S12000010,East Lothian,,,,,S92000003,Scotland,,,K03000001,Great Britain,K02000001,United Kingdom,S01008247,,,S12000010,East Lothian,IZ14 - 03,S02001547,IZ14,IZ14,,
S01008647,Polwarth - 03,S02001618,Polwarth,Polwarth,,S12000036,City of Edinburgh,S12000036,City of Edinburgh,,,,,S92000003,Scotland,,,K03000001,Great Britain,K02000001,United Kingdom,S01008647,,,S12000036,City of Edinburgh,Polwarth - 03,S02001618,Polwarth,Polwarth,,
S01009047,Point - 02,S02001695,Point,Point,,S12000013,Na h-Eileanan Siar,S12000013,Na h-Eileanan Siar,,,,,S92000003,Scotland,,,K03000001,Great Britain,K02000001,United Kingdom,S01009047,,,S12000013,Na h-Eileanan Siar,Point - 02,S02001695,Point,Point,,
S01009447,Lochgelly Central and Eastern,S02001777,Lochgelly East,Lochgelly East,,S12000047,Fife,S12000047,Fife,,,,,S92000003,Scotland,,,K03000001,Great Britain,K02000001,United Kingdom,S01009447,,,S12000047,Fife,Lochgelly Central and Eastern,S02001777,Lochgelly East,Lochgelly East,,
S01009847,Govan and Linthouse - 07,S02001856,Govan and Linthouse,Govan and Linthouse,,S12000049,Glasgow City,S12000049,Glasgow City,,,,,S92000003,Scotland,,,K03000001,Great Britain,K02000001,United Kingdom,S01009847,,,S12000049,Glasgow City,Govan and Linthouse - 07,S02001856,Govan and Linthouse,Govan and Linthouse,,
S01010247,Carntyne West and Haghill - 06,S02001929,Carntyne West and Haghill,Carntyne West and Haghill,,S12000049,Glasgow City,S12000049,Glasgow City,,,,,S92000003,Scotland,,,K03000001,Great Britain,K02000001,United Kingdom,S01010247,,,S12000049,Glasgow City,Carntyne West and Haghill - 06,S02001929,Carntyne West and Haghill,Carntyne West and Haghill,,
S01010647,Inverness Scorguie - 03,S02002003,Inverness Scorguie,Inverness Scorguie,,S12000017,Highland,S12000017,Highland,,,,,S92000003,Scotland,,,K03000001,Great Britain,K02000001,United Kingdom,S01010647,,,S12000017,Highland,Inverness Scorguie - 03,S02002003,Inverness Scorguie,Inverness Scorguie,,
S01011047,South Speyside and the Cabrach - 03,S02002073,South Speyside and the Cabrach,South Speyside and the Cabrach,,S12000020,Moray,S12000020,Moray,,,,,S92000003,Scotland,,,K03000001,Great Britain,K02000001,United Kingdom,S01011047,,,S12000020,Moray,South Speyside and the Cabrach - 03,S02002073,South Speyside and the Cabrach,South Speyside and the Cabrach,,
S01011447,Cleland - 01,S02002150,Cleland,Cleland,,S12000050,North Lanarkshire,S12000050,North Lanarkshire,,,,,S92000003,Scotland,,,K03000001,Great Britain,K02000001,United Kingdom,S01011447,,,S12000050,North Lanarkshire,Cleland - 01,S02002150,Cleland,Cleland,,
S01011847,"Muthill, Greenloaning and Gleneagles - 01",S02002222,"Muthill, Greenloaning and Gleneagles","Muthill, Greenloaning and Gleneagles",,S12000048,Perth and Kinross,S12000048,Perth and Kinross,,,,,S92000003,Scotland,,,K03000001,Great Britain,K02000001,United Kingdom,S01011847,,,S12000048,Perth and Kinross,"Muthill, Greenloaning and Gleneagles - 01",S02002222,"Muthill, Greenloaning and Gleneagles","Muthill, Greenloaning and Gleneagles",,
S01012247,Eddleston and Area,S02002292,Tweeddale West Area,Tweeddale West Area,,S12000026,Scottish Borders,S12000026,Scottish Borders,,,,,S92000003,Scotland,,,K03000001,Great Britain,K02000001,United Kingdom,S01012247,,,S12000026,Scottish Borders,Eddleston and Area,S02002292,Tweeddale West Area,Tweeddale West Area,,
S01012647,Kirkmuirhill and Blackwood - 01,S02002370,Kirkmuirhill and Blackwood,Kirkmuirhill and Blackwood,,S12000029,South Lanarkshire,S12000029,South Lanarkshire,,,,,S92000003,Scotland,,,K03000001,Great Britain,K02000001,United Kingdom,S01012647,,,S12000029,South Lanarkshire,Kirkmuirhill and Blackwood - 01,S02002370,Kirkmuirhill and Blackwood,Kirkmuirhill and Blackwood,,
S01013047,Broomridge - 01,S02002445,Broomridge,Broomridge,,S12000030,Stirling,S12000030,Stirling,,,,,S92000003,Scotland,,,K03000001,Great Britain,K02000001,United Kingdom,S01013047,,,S12000030,Stirling,Broomridge - 01,S02002445,Broomridge,Broomridge,,
S01013447,Linlithgow Bridge - 06,S02002508,Linlithgow Bridge,Linlithgow Bridge,,S12000040,West Lothian,S12000040,West Lothian,,,,,S92000003,Scotland,,,K03000001,Great Britain,K02000001,United Kingdom,S01013447,,,S12000040,West Lothian,Linlithgow Bridge - 06,S02002508,Linlithgow Bridge,Linlithgow Bridge,,
W01000375,Wrexham 003B,W02000080,Wrexham 003,Llay South & Gwersyllt East,De Llai a Dwyrain Gwersyllt,W06000006,Wrexham,W06000006,Wrexham,,,,,W92000004,Wales,K04000001,England and Wales,K03000001,Great Britain,K02000001,United Kingdom,W01000375,W01000375,,W06000006,Wrexham,Wrexham 003B,W02000080,Wrexham 003,Llay South & Gwersyllt East,,
W01000798,Swansea 010C,W02000177,Swansea 010,Llansamlet,Llansamlet,W06000011,Swansea,W06000011,Swansea,,,,,W92000004,Wales,K04000001,England and Wales,K03000001,Great Britain,K02000001,United Kingdom,W01000798,W01000798,,W06000011,Swansea,Swansea 010C,W02000177,Swansea 010,Llansamlet,,
W01001202,Rhondda Cynon Taf 009C,W02000260,Rhondda Cynon Taf 009,Ferndale & Maerdy,Glynrhedynog a Maerdy,W06000016,Rhondda Cynon Taf,W06000016,Rhondda Cynon Taf,,,,,W92000004,Wales,K04000001,England and Wales,K03000001,Great Britain,K02000001,United Kingdom,W01001202,W01001202,,W06000016,Rhondda Cynon Taf,Rhondda Cynon Taf 009C,W02000260,Rhondda Cynon Taf 009,Ferndale & Maerdy,,
W01001608,Newport 008B,W02000354,Newport 008,Lawrence Hill,Lawrence Hill,W06000022,Newport,W06000022,Newport,,,,,W92000004,Wales,K04000001,England and Wales,K03000001,Great Britain,K02000001,United Kingdom,W01001608,W01001608,,W06000022,Newport,Newport 008B,W02000354,Newport 008,Lawrence Hill,,
W01002017,Cardiff 003F,W02000369,Cardiff 003,Pontprennau,Pontprennau,W06000015,Cardiff,W06000015,Cardiff,,,,,W92000004,Wales,K04000001,England and Wales,K03000001,Great Britain,K02000001,United Kingdom,,W01002017,,W06000015,Cardiff,Cardiff 003F,W02000369,Cardiff 003,Pontprennau,,
