WDCD,WDNM,LADCD,LADNM,SOURCEFILE,LADCD_ACTIVE,LADNM_ACTIVE,UTLACD,UTLANM,CAUTHCD,CAUTHNM,RGNCD,RGNNM,CTRYCD,CTRYNM,EWCD,EWNM,GBCD,GBNM,UKCD,UKNM,LAD20CD,LAD20NM
E05000026,Abbey,E09000002,Barking and Dagenham,2016,E09000002,Barking and Dagenham,E09000002,Barking and Dagenham,,,E12000007,London,E92000001,England,K04000001,England and Wales,K03000001,Great Britain,K02000001,United Kingdom,E09000002,Barking and Dagenham
E05000126,Shortlands,E09000006,Bromley,2016,E09000006,Bromley,E09000006,Bromley,,,E12000007,London,E92000001,England,K04000001,England and Wales,K03000001,Great Britain,K02000001,United Kingdom,E09000006,Bromley
E05000226,Plumstead,E09000011,Greenwich,2016,E09000011,Greenwich,E09000011,Greenwich,,,E12000007,London,E92000001,England,K04000001,England and Wales,K03000001,Great Britain,K02000001,United Kingdom,E09000011,Greenwich
E05000345,Yiewsley,E09000017,Hillingdon,2016,E09000017,Hillingdon,E09000017,Hillingdon,,,E12000007,London,E92000001,England,K04000001,England and Wales,K03000001,Great Britain,K02000001,United Kingdom,E09000017,Hillingdon
E05000463,Lavender Fields,E09000024,Merton,2016,E09000024,Merton,E09000024,Merton,,,E12000007,London,E92000001,England,K04000001,England and Wales,K03000001,Great Britain,K02000001,United Kingdom,E09000024,Merton
E05000563,Stonecot,E09000029,Sutton,2016,E09000029,Sutton,E09000029,Sutton,,,E12000007,London,E92000001,England,K04000001,England and Wales,K03000001,Great Britain,K02000001,United Kingdom,E09000029,Sutton
E05000680,Radcliffe West,E08000002,Bury,2016,E08000002,Bury,E08000002,Bury,E47000001,Greater Manchester,E12000002,North West,E92000001,England,K04000001,England and Wales,K03000001,Great Britain,K02000001,United Kingdom,E08000002,Bury
E05000780,Bramhall South and Woodford,E08000007,Stockport,2016,E08000007,Stockport,E08000007,Stockport,E47000001,Greater Manchester,E12000002,North West,E92000001,England,K04000001,England and Wales,K03000001,Great Britain,K02000001,United Kingdom,E08000007,Stockport
E05000901,Knotty Ash,E08000012,Liverpool,2016,E08000012,Liverpool,E08000012,Liverpool,E47000004,Liverpool City Region,E12000002,North West,E92000001,England,K04000001,England and Wales,K03000001,Great Britain,K02000001,United Kingdom,E08000012,Liverpool
E05001024,Hoober,E08000018,Rotherham,2016,E08000018,Rotherham,E08000018,Rotherham,E47000002,Sheffield City Region,E12000003,Yorkshire and The Humber,E92000001,England,K04000001,England and Wales,K03000001,Great Britain,K02000001,United Kingdom,E08000018,Rotherham
E05001153,Barnes,E08000024,Sunderland,2016,E08000024,Sunderland,E08000024,Sunderland,E47000010,North East,E12000001,North East,E92000001,England,K04000001,England and Wales,K03000001,Great Britain,K02000001,United Kingdom,E08000024,Sunderland
E05001253,Quarry Bank and Dudley Wood,E08000027,Dudley,2016,E08000027,Dudley,E08000027,Dudley,E47000007,West Midlands,E12000005,West Midlands,E92000001,England,K04000001,England and Wales,K03000001,Great Britain,K02000001,United Kingdom,E08000027,Dudley
E05001353,Idle and Thackley,E08000032,Bradford,2016,E08000032,Bradford,E08000032,Bradford,E47000003,West Yorkshire,E12000003,Yorkshire and The Humber,E92000001,England,K04000001,England and Wales,K03000001,Great Britain,K02000001,United Kingdom,E08000032,Bradford
E05001458,Stanley and Outwood East,E08000036,Wakefield,2016,E08000036,Wakefield,E08000036,Wakefield,E47000003,West Yorkshire,E12000003,Yorkshire and The Humber,E92000001,England,K04000001,England and Wales,K03000001,Great Britain,K02000001,United Kingdom,E08000036,Wakefield
E05001644,Bispham,E06000009,Blackpool,2016,E06000009,Blackpool,E06000009,Blackpool,,,E12000002,North West,E92000001,England,K04000001,England and Wales,K03000001,Great Britain,K02000001,United Kingdom,E06000009,Blackpool
E05001744,Town,E06000013,North Lincolnshire,2016,E06000013,North Lincolnshire,E06000013,North Lincolnshire,,,E12000003,Yorkshire and The Humber,E92000001,England,K04000001,England and Wales,K03000001,Great Britain,K02000001,United Kingdom,E06000013,North Lincolnshire
E05002052,Dodington,E06000025,South Gloucestershire,2016,E06000025,South Gloucestershire,E06000025,South Gloucestershire,E47000009,West of England,E12000009,South West,E92000001,England,K04000001,England and Wales,K03000001,Great Britain,K02000001,United Kingdom,E06000025,South Gloucestershire
E05002214,Chalkwell,E06000033,Southend-on-Sea,2016,E06000033,Southend-on-Sea,E06000033,Southend-on-Sea,,,E12000006,East of England,E92000001,England,K04000001,England and Wales,K03000001,Great Britain,K02000001,United Kingdom,E06000033,Southend-on-Sea
E05002314,Thatcham South and Crookham,E06000037,West Berkshire,2016,E06000037,West Berkshire,E06000037,West Berkshire,,,E12000008,South East,E92000001,England,K04000001,England and Wales,K03000001,Great Britain,K02000001,United Kingdom,E06000037,West Berkshire
E05002451,Nelson,E06000044,Portsmouth,2016,E06000044,Portsmouth,E06000044,Portsmouth,,,E12000008,South East,E92000001,England,K04000001,England and Wales,K03000001,Great Britain,K02000001,United Kingdom,E06000044,Portsmouth
E05002729,Littleport West,E07000009,East Cambridgeshire,2016,E07000009,East Cambridgeshire,E10000003,Cambridgeshire,E47000008,Cambridgeshire and Peterborough,E12000006,East of England,E92000001,England,K04000001,England and Wales,K03000001,Great Britain,K02000001,United Kingdom,E07000009,East Cambridgeshire
E05003164,Currock,E07000028,Carlisle,2016,E06000063,Cumberland,E06000063,Cumberland,,,E12000002,North West,E92000001,England,K04000001,England and Wales,K03000001,Great Britain,K02000001,United Kingdom,E06000063,Cumberland
E05003264,Mid Furness,E07000031,South Lakeland,2016,E06000064,Westmorland and Furness,E06000064,Westmorland and Furness,,,E12000002,North West,E92000001,England,K04000001,England and Wales,K03000001,Great Britain,K02000001,United Kingdom,E06000064,Westmorland and Furness
E05003421,Clay Cross South,E07000038,North East Derbyshire,2016,E07000038,North East Derbyshire,E10000007,Derbyshire,,,E12000004,East Midlands,E92000001,England,K04000001,England and Wales,K03000001,Great Britain,K02000001,United Kingdom,E07000038,North East Derbyshire
E05003596,Bushell,E07000045,Teignbridge,2016,E07000045,Teignbridge,E10000008,Devon,,,E12000009,South West,E92000001,England,K04000001,England and Wales,K03000001,Great Britain,K02000001,United Kingdom,E07000045,Teignbridge
E05003953,Newhaven Denton and Meeching,E07000063,Lewes,2016,E07000063,Lewes,E10000011,East Sussex,,,E12000008,South East,E92000001,England,K04000001,England and Wales,K03000001,Great Britain,K02000001,United Kingdom,E07000063,Lewes
E05004083,Boyce,E07000069,Castle Point,2016,E07000069,Castle Point,E10000012,Essex,,,E12000006,East of England,E92000001,England,K04000001,England and Wales,K03000001,Great Britain,K02000001,United Kingdom,E07000069,Castle Point
E05004231,"Bradfield, Wrabness and Wix",E07000076,Tendring,2016,E07000076,Tendring,E10000012,Essex,,,E12000006,East of England,E92000001,England,K04000001,England and Wales,K03000001,Great Britain,K02000001,United Kingdom,E07000076,Tendring
E05004444,Kingsclere,E07000084,Basingstoke and Deane,2016,E07000084,Basingstoke and Deane,E10000014,Hampshire,,,E12000008,South East,E92000001,England,K04000001,England and Wales,K03000001,Great Britain,K02000001,United Kingdom,E07000084,Basingstoke and Deane
E05004544,Peel Common,E07000088,Gosport,2016,E07000088,Gosport,E10000014,Hampshire,,,E12000008,South East,E92000001,England,K04000001,England and Wales,K03000001,Great Britain,K02000001,United Kingdom,E07000088,Gosport
E05004718,Bishop's Stortford Meads,E07000242,East Hertfordshire,2016,E07000242,East Hertfordshire,E10000015,Hertfordshire,,,E12000006,East of England,E92000001,England,K04000001,England and Wales,K03000001,Great Britain,K02000001,United Kingdom,E07000242,East Hertfordshire
E05004870,Bockhanger,E07000105,Ashford,2016,E07000105,Ashford,E10000016,Kent,,,E12000008,South East,E92000001,England,K04000001,England and Wales,K03000001,Great Britain,K02000001,United Kingdom,E07000105,Ashford
E05004995,Heath,E07000110,Maidstone,2016,E07000110,Maidstone,E10000016,Kent,,,E12000008,South East,E92000001,England,K04000001,England and Wales,K03000001,Great Britain,K02000001,United Kingdom,E07000110,Maidstone
E05005180,Euxton South,E07000118,Chorley,2016,E07000118,Chorley,E10000017,Lancashire,,,E12000002,North West,E92000001,England,K04000001,England and Wales,K03000001,Great Britain,K02000001,United Kingdom,E07000118,Chorley
E05005310,St Mary's,E07000124,Ribble Valley,2016,E07000124,Ribble Valley,E10000017,Lancashire,,,E12000002,North West,E92000001,England,K04000001,England and Wales,K03000001,Great Britain,K02000001,United Kingdom,E07000124,Ribble Valley
E05005465,Lutterworth Brookfield,E07000131,Harborough,2016,E07000131,Harborough,E10000018,Leicestershire,,,E12000004,East Midlands,E92000001,England,K04000001,England and Wales,K03000001,Great Britain,K02000001,United Kingdom,E07000131,Harborough
E05005757,Acle,E07000144,Broadland,2016,E07000144,Broadland,E10000020,Norfolk,,,E12000006,East of England,E92000001,England,K04000001,England and Wales,K03000001,Great Britain,K02000001,United Kingdom,E07000144,Broadland
E05005863,Roughton,E07000147,North Norfolk,2016,E07000147,North Norfolk,E10000020,Norfolk,,,E12000006,East of England,E92000001,England,K04000001,England and Wales,K03000001,Great Britain,K02000001,United Kingdom,E07000147,North Norfolk
E05006041,Kings Sutton,E07000155,South Northamptonshire,2016,E06000062,West Northamptonshire,E06000062,West Northamptonshire,,,E12000004,East Midlands,E92000001,England,K04000001,England and Wales,K03000001,Great Britain,K02000001,United Kingdom,E06000062,West Northamptonshire
E05006321,Derwent Valley,E07000168,Scarborough,2016,E06000065,North Yorkshire,E06000065,North Yorkshire,,,E12000003,Yorkshire and The Humber,E92000001,England,K04000001,England and Wales,K03000001,Great Britain,K02000001,United Kingdom,E06000065,North Yorkshire
E05006769,Frome Berkley Down,E07000187,Mendip,2016,E06000066,Somerset,E06000066,Somerset,,,E12000009,South West,E92000001,England,K04000001,England and Wales,K03000001,Great Britain,K02000001,United Kingdom,E06000066,Somerset
E05006912,Hednesford North,E07000192,Cannock Chase,2016,E07000192,Cannock Chase,E10000028,Staffordshire,,,E12000005,West Midlands,E92000001,England,K04000001,England and Wales,K03000001,Great Britain,K02000001,United Kingdom,E07000192,Cannock Chase
E05007064,Manifold,E07000198,Staffordshire Moorlands,2016,E07000198,Staffordshire Moorlands,E10000028,Staffordshire,,,E12000005,West Midlands,E92000001,England,K04000001,England and Wales,K03000001,Great Britain,K02000001,United Kingdom,E07000198,Staffordshire Moorlands
E05007164,Bardwell,E07000204,St Edmundsbury,2016,E07000245,West Suffolk,E10000029,Suffolk,,,E12000006,East of England,E92000001,England,K04000001,England and Wales,K03000001,Great Britain,K02000001,United Kingdom,E07000245,West Suffolk
E05007320,Fetcham East,E07000210,Mole Valley,2016,E07000210,Mole Valley,E10000030,Surrey,,,E12000008,South East,E92000001,England,K04000001,England and Wales,K03000001,Great Britain,K02000001,United Kingdom,E07000210,Mole Valley
E05007420,Farnham Castle,E07000216,Waverley,2016,E07000216,Waverley,E10000030,Surrey,,,E12000008,South East,E92000001,England,K04000001,England and Wales,K03000001,Great Britain,K02000001,United Kingdom,E07000216,Waverley
E05007634,Furnace Green,E07000226,Crawley,2016,E07000226,Crawley,E10000032,West Sussex,,,E12000008,South East,E92000001,England,K04000001,England and Wales,K03000001,Great Britain,K02000001,United Kingdom,E07000226,Crawley
E05007875,Headless Cross and Oakenshaw,E07000236,Redditch,2016,E07000236,Redditch,E10000034,Worcestershire,,,E12000005,West Midlands,E92000001,England,K04000001,England and Wales,K03000001,Great Britain,K02000001,United Kingdom,E07000236,Redditch
E05008190,Sundorne,E06000051,Shropshire,2016,E06000051,Shropshire,E06000051,Shropshire,,,E12000005,West Midlands,E92000001,England,K04000001,England and Wales,K03000001,Great Britain,K02000001,United Kingdom,E06000051,Shropshire
E05008414,Warminster Without,E06000054,Wiltshire,2016,E06000054,Wiltshire,E06000054,Wiltshire,,,E12000009,South West,E92000001,England,K04000001,England and Wales,K03000001,Great Britain,K02000001,United Kingdom,E06000054,Wiltshire
E05008579,Little Paxton,E07000011,Huntingdonshire,2016,E07000011,Huntingdonshire,E10000003,Cambridgeshire,E47000008,Cambridgeshire and Peterborough,E12000006,East of England,E92000001,England,K04000001,England and Wales,K03000001,Great Britain,K02000001,United Kingdom,E07000011,Huntingdonshire
E05008703,Winnington and Castle,E06000050,Cheshire West and Chester,2016,E06000050,Cheshire West and Chester,E06000050,Cheshire West and Chester,,,E12000002,North West,E92000001,England,K04000001,England and Wales,K03000001,Great Britain,K02000001,United Kingdom,E06000050,Cheshire West and Chester
E05008809,Aston,E07000039,South Derbyshire,2016,E07000039,South Derbyshire,E10000007,Derbyshire,,,E12000004,East Midlands,E92000001,England,K04000001,England and Wales,K03000001,Great Britain,K02000001,United Kingdom,E07000039,South Derbyshire
E05008909,King's Isle,E07000188,Sedgemoor,2016,E06000066,Somerset,E06000066,Somerset,,,E12000009,South West,E92000001,England,K04000001,England and Wales,K03000001,Great Britain,K02000001,United Kingdom,E06000066,Somerset
E05009015,Braunston and Welton,E07000151,Daventry,2016,E06000062,West Northamptonshire,E06000062,West Northamptonshire,,,E12000004,East Midlands,E92000001,England,K04000001,England and Wales,K03000001,Great Britain,K02000001,United Kingdom,E06000062,West Northamptonshire
E05009116,Cramlington West,E06000057,Northumberland,2016,E06000057,Northumberland,E06000057,Northumberland,E47000011,North of Tyne,E12000001,North East,E92000001,England,K04000001,England and Wales,K03000001,Great Britain,K02000001,United Kingdom,E06000057,Northumberland
E05009216,Newlyn and Goonhavern,E06000052,Cornwall,2016,E06000052,Cornwall,E06000052,Cornwall,,,E12000009,South West,E92000001,England,K04000001,England and Wales,K03000001,Great Britain,K02000001,United Kingdom,E06000052,Cornwall
E05009317,Bethnal Green,E09000030,Tower Hamlets,2016,E09000030,Tower Hamlets,E09000030,Tower Hamlets,,,E12000007,London,E92000001,England,K04000001,England and Wales,K03000001,Great Britain,K02000001,United Kingdom,E09000030,Tower Hamlets
E05009418,Olney,E06000042,Milton Keynes,2016,E06000042,Milton Keynes,E06000042,Milton Keynes,,,E12000008,South East,E92000001,England,K04000001,England and Wales,K03000001,Great Britain,K02000001,United Kingdom,E06000042,Milton Keynes
E05009518,Colehill West,E07000049,East Dorset,2016,E06000059,Dorset,E06000059,Dorset,,,E12000009,South West,E92000001,England,K04000001,England and Wales,K03000001,Great Britain,K02000001,United Kingdom,E06000059,Dorset
E05009624,Five Village,E07000136,Boston,2016,E07000136,Boston,E10000019,Lincolnshire,,,E12000004,East Midlands,E92000001,England,K04000001,England and Wales,K03000001,Great Britain,K02000001,United Kingdom,E07000136,Boston
E05009727,Radcliffe on Trent,E07000176,Rushcliffe,2016,E07000176,Rushcliffe,E10000024,Nottinghamshire,,,E12000004,East Midlands,E92000001,England,K04000001,England and Wales,K03000001,Great Britain,K02000001,United Kingdom,E07000176,Rushcliffe
E05009827,Barnt Green & Hopwood,E07000234,Bromsgrove,2016,E07000234,Bromsgrove,E10000034,Worcestershire,,,E12000005,West Midlands,E92000001,England,K04000001,England and Wales,K03000001,Great Britain,K02000001,United Kingdom,E07000234,Bromsgrove
E05009927,Stansted South & Birchanger,E07000077,Uttlesford,2016,E07000077,Uttlesford,E10000012,Essex,,,E12000006,East of England,E92000001,England,K04000001,England and Wales,K03000001,Great Britain,K02000001,United Kingdom,E07000077,Uttlesford
E05010027,Walland & Denge Marsh,E07000112,Shepway,2016,E07000112,Folkestone and Hythe,E10000016,Kent,,,E12000008,South East,E92000001,England,K04000001,England and Wales,K03000001,Great Britain,K02000001,United Kingdom,E07000112,Folkestone and Hythe
E05010127,Worthington & Breedon,E07000134,North West Leicestershire,2016,E07000134,North West Leicestershire,E10000018,Leicestershire,,,E12000004,East Midlands,E92000001,England,K04000001,England and Wales,K03000001,Great Britain,K02000001,United Kingdom,E07000134,North West Leicestershire
E05010227,Longton & Hutton West,E07000126,South Ribble,2016,E07000126,South Ribble,E10000017,Lancashire,,,E12000002,North West,E92000001,England,K04000001,England and Wales,K03000001,Great Britain,K02000001,United Kingdom,E07000126,South Ribble
E05010327,Rawcliffe & Clifton Without,E06000014,York,2016,E06000014,York,E06000014,York,,,E12000003,Yorkshire and The Humber,E92000001,England,K04000001,England and Wales,K03000001,Great Britain,K02000001,United Kingdom,E06000014,York
E05010427,Pierremont,E06000005,Darlington,2016,E06000005,Darlington,E06000005,Darlington,E47000006,Tees Valley,E12000001,North East,E92000001,England,K04000001,England and Wales,K03000001,Great Britain,K02000001,United Kingdom,E06000005,Darlington
E05010527,Kimberley,E07000172,Broxtowe,2016,E07000172,Broxtowe,E10000024,Nottinghamshire,,,E12000004,East Midlands,E92000001,England,K04000001,England and Wales,K03000001,Great Britain,K02000001,United Kingdom,E07000172,Broxtowe
E05010627,Chapel East,E07000037,High Peak,2016,E07000037,High Peak,E10000007,Derbyshire,,,E12000004,East Midlands,E92000001,England,K04000001,England and Wales,K03000001,Great Britain,K02000001,United Kingdom,E07000037,High Peak
E05010727,Watermoor,E07000079,Cotswold,2016,E07000079,Cotswold,E10000013,Gloucestershire,,,E12000009,South West,E92000001,England,K04000001,England and Wales,K03000001,Great Britain,K02000001,United Kingdom,E07000079,Cotswold
E05010827,Berechurch,E07000071,Colchester,2016,E07000071,Colchester,E10000012,Essex,,,E12000006,East of England,E92000001,England,K04000001,England and Wales,K03000001,Great Britain,K02000001,United Kingdom,E07000071,Colchester
E05010927,Bicester South and Ambrosden,E07000177,Cherwell,2016,E07000177,Cherwell,E10000025,Oxfordshire,,,E12000008,South East,E92000001,England,K04000001,England and Wales,K03000001,Great Britain,K02000001,United Kingdom,E07000177,Cherwell
E05011027,Burtonwood and Winwick,E06000007,Warrington,2016,E06000007,Warrington,E06000007,Warrington,,,E12000002,North West,E92000001,England,K04000001,England and Wales,K03000001,Great Britain,K02000001,United Kingdom,E06000007,Warrington
E05011127,Bordesley Green,E08000025,Birmingham,2018,E08000025,Birmingham,E08000025,Birmingham,E47000007,West Midlands,E12000005,West Midlands,E92000001,England,K04000001,England and Wales,K03000001,Great Britain,K02000001,United Kingdom,E08000025,Birmingham
E05011227,Longlands,E09000004,Bexley,2018,E09000004,Bexley,E09000004,Bexley,,,E12000007,London,E92000001,England,K04000001,England and Wales,K03000001,Great Britain,K02000001,United Kingdom,E09000004,Bexley
E05011327,Harrogate Saltergate,E07000165,Harrogate,2018,E06000065,North Yorkshire,E06000065,North Yorkshire,,,E12000003,Yorkshire and The Humber,E92000001,England,K04000001,England and Wales,K03000001,Great Britain,K02000001,United Kingdom,E06000065,North Yorkshire
E05011429,Silverdale,E07000195,Newcastle-under-Lyme,2018,E07000195,Newcastle-under-Lyme,E10000028,Staffordshire,,,E12000005,West Midlands,E92000001,England,K04000001,England and Wales,K03000001,Great Britain,K02000001,United Kingdom,E07000195,Newcastle-under-Lyme
E05011529,Central,E06000010,"Kingston upon Hull, City of",2018,E06000010,"Kingston upon Hull, City of",E06000010,"Kingston upon Hull, City of",,,E12000003,Yorkshire and The Humber,E92000001,England,K04000001,England and Wales,K03000001,Great Britain,K02000001,United Kingdom,E06000010,"Kingston upon Hull, City of"
E05011635,Forest Row,E07000065,Wealden,2019,E07000065,Wealden,E10000011,East Sussex,,,E12000008,South East,E92000001,England,K04000001,England and Wales,K03000001,Great Britain,K02000001,United Kingdom,E07000065,Wealden
E05011752,Downs West,E07000105,Ashford,2019,E07000105,Ashford,E10000016,Kent,,,E12000008,South East,E92000001,England,K04000001,England and Wales,K03000001,Great Britain,K02000001,United Kingdom,E07000105,Ashford
E05011852,Priory,E07000147,North Norfolk,2019,E07000147,North Norfolk,E10000020,Norfolk,,,E12000006,East of England,E92000001,England,K04000001,England and Wales,K03000001,Great Britain,K02000001,United Kingdom,E07000147,North Norfolk
E05011954,St John's,E07000076,Tendring,2019,E07000076,Tendring,E10000012,Essex,,,E12000006,East of England,E92000001,England,K04000001,England and Wales,K03000001,Great Britain,K02000001,United Kingdom,E07000076,Tendring
E05012054,Killamarsh East,E07000038,North East Derbyshire,2019,E07000038,North East Derbyshire,E10000007,Derbyshire,,,E12000004,East Midlands,E92000001,England,K04000001,England and Wales,K03000001,Great Britain,K02000001,United Kingdom,E07000038,North East Derbyshire
E05012167,Lydney West & Aylburton,E07000080,Forest of Dean,2019,E07000080,Forest of Dean,E10000013,Gloucestershire,,,E12000009,South West,E92000001,England,K04000001,England and Wales,K03000001,Great Britain,K02000001,United Kingdom,E07000080,Forest of Dean
E05012267,Shiphay,E06000027,Torbay,2019,E06000027,Torbay,E06000027,Torbay,,,E12000009,South West,E92000001,England,K04000001,England and Wales,K03000001,Great Britain,K02000001,United Kingdom,E06000027,Torbay
E05012367,Richmond East,E07000166,Richmondshire,2019,E06000065,North Yorkshire,E06000065,North Yorkshire,,,E12000003,Yorkshire and The Humber,E92000001,England,K04000001,England and Wales,K03000001,Great Britain,K02000001,United Kingdom,E06000065,North Yorkshire
E05012467,High Littleton,E06000022,Bath and North East Somerset,2019,E06000022,Bath and North East Somerset,E06000022,Bath and North East Somerset,E47000009,West of England,E12000009,South West,E92000001,England,K04000001,England and Wales,K03000001,Great Britain,K02000001,United Kingdom,E06000022,Bath and North East Somerset
E05012567,Brantham,E07000200,Babergh,2019,E07000200,Babergh,E10000029,Suffolk,,,E12000006,East of England,E92000001,England,K04000001,England and Wales,K03000001,Great Britain,K02000001,United Kingdom,E07000200,Babergh
E05012667,Moordown,E06000058,"Bournemouth, Christchurch and Poole",2019,E06000058,"Bournemouth, Christchurch and Poole",E06000058,"Bournemouth, Christchurch and Poole",,,E12000009,South West,E92000001,England,K04000001,England and Wales,K03000001,Great Britain,K02000001,United Kingdom,E06000058,"Bournemouth, Christchurch and Poole"
E05012767,Brandon Central,E07000245,West Suffolk,2019,E07000245,West Suffolk,E10000029,Suffolk,,,E12000006,East of England,E92000001,England,K04000001,England and Wales,K03000001,Great Britain,K02000001,United Kingdom,E07000245,West Suffolk
E05012867,Sandwich,E07000108,Dover,2019,E07000108,Dover,E10000016,Kent,,,E12000008,South East,E92000001,England,K04000001,England and Wales,K03000001,Great Britain,K02000001,United Kingdom,E07000108,Dover
E05012967,Witham North,E07000067,Braintree,2019,E07000067,Braintree,E10000012,Essex,,,E12000006,East of England,E92000001,England,K04000001,England and Wales,K03000001,Great Britain,K02000001,United Kingdom,E07000067,Braintree
E05013067,Chorley North East,E07000118,Chorley,2022,E07000118,Chorley,E10000017,Lancashire,,,E12000002,North West,E92000001,England,K04000001,England and Wales,K03000001,Great Britain,K02000001,United Kingdom,E07000118,Chorley
E05013167,Wing,E06000060,Buckinghamshire,2022,E06000060,Buckinghamshire,E06000060,Buckinghamshire,,,E12000008,South East,E92000001,England,K04000001,England and Wales,K03000001,Great Britain,K02000001,United Kingdom,E06000060,Buckinghamshire
E05013267,Talavera,E06000062,West Northamptonshire,2022,E06000062,West Northamptonshire,E06000062,West Northamptonshire,,,E12000004,East Midlands,E92000001,England,K04000001,England and Wales,K03000001,Great Britain,K02000001,United Kingdom,E06000062,West Northamptonshire
E05013393,Shanklin South,E06000046,Isle of Wight,2022,E06000046,Isle of Wight,E06000046,Isle of Wight,,,E12000008,South East,E92000001,England,K04000001,England and Wales,K03000001,Great Britain,K02000001,United Kingdom,E06000046,Isle of Wight
E05013497,Barnhill,E09000005,Brent,2022,E09000005,Brent,E09000005,Brent,,,E12000007,London,E92000001,England,K04000001,England and Wales,K03000001,Great Britain,K02000001,United Kingdom,E09000005,Brent
E05013597,St Ann's,E09000014,Haringey,2022,E09000014,Haringey,E09000014,Haringey,,,E12000007,London,E92000001,England,K04000001,England and Wales,K03000001,Great Britain,K02000001,United Kingdom,E09000014,Haringey
E05013697,Arsenal,E09000019,Islington,2022,E09000019,Islington,E09000019,Islington,,,E12000007,London,E92000001,England,K04000001,England and Wales,K03000001,Great Britain,K02000001,United Kingdom,E09000019,Islington
E05013797,Knightsbridge & Belgravia,E09000033,Westminster,2022,E09000033,Westminster,E09000033,Westminster,,,E12000007,London,E92000001,England,K04000001,England and Wales,K03000001,Great Britain,K02000001,United Kingdom,E09000033,Westminster
E05013897,Leytonstone,E09000031,Waltham Forest,2022,E09000031,Waltham Forest,E09000031,Waltham Forest,,,E12000007,London,E92000001,England,K04000001,England and Wales,K03000001,Great Britain,K02000001,United Kingdom,E09000031,Waltham Forest
E05013997,Farnborough & Crofton,E09000006,Bromley,2022,E09000006,Bromley,E09000006,Bromley,,,E12000007,London,E92000001,England,K04000001,England and Wales,K03000001,Great Britain,K02000001,United Kingdom,E09000006,Bromley
E05014097,Brixton Rush Common,E09000022,Lambeth,2022,E09000022,Lambeth,E09000022,Lambeth,,,E12000007,London,E92000001,England,K04000001,England and Wales,K03000001,Great Britain,K02000001,United Kingdom,E09000022,Lambeth
E05014197,Kells and Sandwith,E07000029,Copeland,2022,E06000063,Cumberland,E06000063,Cumberland,,,E12000002,North West,E92000001,England,K04000001,England and Wales,K03000001,Great Britain,K02000001,United Kingdom,E06000063,Cumberland
E05014296,Newby,E07000168,Scarborough,2022,E06000065,North Yorkshire,E06000065,North Yorkshire,,,E12000003,Yorkshire and The Humber,E92000001,England,K04000001,England and Wales,K03000001,Great Britain,K02000001,United Kingdom,E06000065,North Yorkshire
N08000103,Antrim Centre,N09000001,Antrim and Newtownabbey,2016,N09000001,Antrim and Newtownabbey,N09000001,Antrim and Newtownabbey,,,,,N92000002,Northern Ireland,,,,,K02000001,United Kingdom,N09000001,Antrim and Newtownabbey
N08000322,Duncairn,N09000003,Belfast,2016,N09000003,Belfast,N09000003,Belfast,,,,,N92000002,Northern Ireland,,,,,K02000001,United Kingdom,N09000003,Belfast
N08000522,Glenderg,N09000005,Derry City and Strabane,2016,N09000005,Derry City and Strabane,N09000005,Derry City and Strabane,,,,,N92000002,Northern Ireland,,,,,K02000001,United Kingdom,N09000005,Derry City and Strabane
N08000802,Ahoghill,N09000008,Mid and East Antrim,2016,N09000008,Mid and East Antrim,N09000008,Mid and East Antrim,,,,,N92000002,Northern Ireland,,,,,K02000001,United Kingdom,N09000008,Mid and East Antrim
N08001022,Fathom,N09000010,"Newry, Mourne and Down",2016,N09000010,"Newry, Mourne and Down",N09000010,"Newry, Mourne and Down",,,,,N92000002,Northern Ireland,,,,,K02000001,United Kingdom,N09000010,"Newry, Mourne and Down"
S13002517,Kintyre and the Islands,S12000035,Argyll and Bute,2016,S12000035,Argyll and Bute,S12000035,Argyll and Bute,,,,,S92000003,Scotland,,,K03000001,Great Britain,K02000001,United Kingdom,S12000035,Argyll and Bute
S13002619,Dunfermline North,S12000015,Fife,2016,S12000047,Fife,S12000047,Fife,,,,,S92000003,Scotland,,,K03000001,Great Britain,K02000001,United Kingdom,S12000047,Fife
S13002721,Coatbridge South,S12000044,North Lanarkshire,2016,S12000050,North Lanarkshire,S12000050,North Lanarkshire,,,,,S92000003,Scotland,,,K03000001,Great Britain,K02000001,United Kingdom,S12000050,North Lanarkshire
S13002821,"Broxburn, Uphall and Winchburgh",S12000040,West Lothian,2016,S12000040,West Lothian,S12000040,West Lothian,,,,,S92000003,Scotland,,,K03000001,Great Britain,K02000001,United Kingdom,S12000040,West Lothian
S13002922,Forth,S12000036,City of Edinburgh,2017,S12000036,City of Edinburgh,S12000036,City of Edinburgh,,,,,S92000003,Scotland,,,K03000001,Great Britain,K02000001,United Kingdom,S12000036,City of Edinburgh
S13003022,Midlothian East,S12000019,Midlothian,2017,S12000019,Midlothian,S12000019,Midlothian,,,,,S92000003,Scotland,,,K03000001,Great Britain,K02000001,United Kingdom,S12000019,Midlothian
S13003122,Lomond,S12000039,West Dunbartonshire,2017,S12000039,West Dunbartonshire,S12000039,West Dunbartonshire,,,,,S92000003,Scotland,,,K03000001,Great Britain,K02000001,United Kingdom,S12000039,West Dunbartonshire
W05000106,Trawsfynydd,W06000002,Gwynedd,2016,W06000002,Gwynedd,W06000002,Gwynedd,,,,,W92000004,Wales,K04000001,England and Wales,K03000001,Great Britain,K02000001,United Kingdom,W06000002,Gwynedd
W05000212,Holywell East,W06000005,Flintshire,2016,W06000005,Flintshire,W06000005,Flintshire,,,,,W92000004,Wales,K04000001,England and Wales,K03000001,Great Britain,K02000001,United Kingdom,W06000005,Flintshire
W05000322,Llangunllo,W06000023,Powys,2016,W06000023,Powys,W06000023,Powys,,,,,W92000004,Wales,K04000001,England and Wales,K03000001,Great Britain,K02000001,United Kingdom,W06000023,Powys
W05000436,Neyland: West,W06000009,Pembrokeshire,2016,W06000009,Pembrokeshire,W06000009,Pembrokeshire,,,,,W92000004,Wales,K04000001,England and Wales,K03000001,Great Britain,K02000001,United Kingdom,W06000009,Pembrokeshire
W05000559,Bryn-coch North,W06000012,Neath Port Talbot,2016,W06000012,Neath Port Talbot,W06000012,Neath Port Talbot,,,,,W92000004,Wales,K04000001,England and Wales,K03000001,Great Britain,K02000001,United Kingdom,W06000012,Neath Port Talbot
W05000667,Ferndale,W06000016,Rhondda Cynon Taf,2016,W06000016,Rhondda Cynon Taf,W06000016,Rhondda Cynon Taf,,,,,W92000004,Wales,K04000001,England and Wales,K03000001,Great Britain,K02000001,United Kingdom,W06000016,Rhondda Cynon Taf
W05000795,Croesonen,W06000021,Monmouthshire,2016,W06000021,Monmouthshire,W06000021,Monmouthshire,,,,,W92000004,Wales,K04000001,England and Wales,K03000001,Great Britain,K02000001,United Kingdom,W06000021,Monmouthshire
W05000905,Cartrefle,W06000006,Wrexham,2016,W06000006,Wrexham,W06000006,Wrexham,,,,,W92000004,Wales,K04000001,England and Wales,K03000001,Great Britain,K02000001,United Kingdom,W06000006,Wrexham
W05001005,Halkyn,W06000005,Flintshire,2017,W06000005,Flintshire,W06000005,Flintshire,,,,,W92000004,Wales,K04000001,England and Wales,K03000001,Great Britain,K02000001,United Kingdom,W06000005,Flintshire
W05001105,Tonypandy,W06000016,Rhondda Cynon Taf,2022,W06000016,Rhondda Cynon Taf,W06000016,Rhondda Cynon Taf,,,,,W92000004,Wales,K04000001,England and Wales,K03000001,Great Britain,K02000001,United Kingdom,W06000016,Rhondda Cynon Taf
W05001205,Llanegwad,W06000010,Carmarthenshire,2022,W06000010,Carmarthenshire,W06000010,Carmarthenshire,,,,,W92000004,Wales,K04000001,England and Wales,K03000001,Great Britain,K02000001,United Kingdom,W06000010,Carmarthenshire
W05001305,Ceulan a Maesmawr,W06000008,Ceredigion,2022,W06000008,Ceredigion,W06000008,Ceredigion,,,,,W92000004,Wales,K04000001,England and Wales,K03000001,Great Britain,K02000001,United Kingdom,W06000008,Ceredigion
W05001405,Bryn,W06000003,Conwy,2022,W06000003,Conwy,W06000003,Conwy,,,,,W92000004,Wales,K04000001,England and Wales,K03000001,Great Britain,K02000001,United Kingdom,W06000003,Conwy
W05001505,Ynys Gybi,W06000001,Isle of Anglesey,2022,W06000001,Isle of Anglesey,W06000001,Isle of Anglesey,,,,,W92000004,Wales,K04000001,England and Wales,K03000001,Great Britain,K02000001,United Kingdom,W06000001,Isle of Anglesey
W05001605,Mold South,W06000005,Flintshire,2022,W06000005,Flintshire,W06000005,Flintshire,,,,,W92000004,Wales,K04000001,England and Wales,K03000001,Great Britain,K02000001,United Kingdom,W06000005,Flintshire
W05001705,Neath South,W06000012,Neath Port Talbot,2022,W06000012,Neath Port Talbot,W06000012,Neath Port Talbot,,,,,W92000004,Wales,K04000001,England and Wales,K03000001,Great Britain,K02000001,United Kingdom,W06000012,Neath Port Talbot
